{"1.0": {"precision": 0.9764705882352941, "recall": 1.0, "f1-score": 0.9880952380952381, "support": 332.0}, "2.0": {"precision": 1.0, "recall": 0.864406779661017, "f1-score": 0.9272727272727272, "support": 59.0}, "3.0": {"precision": 1.0, "recall": 1.0, "f1-score": 1.0, "support": 35.0}, "accuracy": 0.9812206572769953, "macro avg": {"precision": 0.9921568627450981, "recall": 0.9548022598870056, "f1-score": 0.9717893217893218, "support": 426.0}, "weighted avg": {"precision": 0.9816625241645954, "recall": 0.9812206572769953, "f1-score": 0.9806495538889904, "support": 426.0}}